01	VASYA	f01	-
02	FROSYA	f01	-
03	FROSYA	f02	-
04	VASYA	f02	-
05	VASYA	f02	-
06	FROSYA	f02	-
07	VASYA	f03	-
08	FROSYA	f03	-
09	GIANT	f04	-
10	FROSYA	f04	-
11	PAPA	CLIP:2026-08-09_EP1_scene2_job10.mp4	-
12	FROSYA	CLIP:2026-08-09_EP1_scene2_job11.mp4	-
13	PAPA	CLIP:2026-08-09_EP1_scene2_job11.mp4	-
14	MAMA	CLIP:2026-08-09_EP1_scene2_job13.mp4	-
15	FROSYA	CLIP:2026-08-09_EP1_scene2_job14.mp4	-
16	MAMA	CLIP:2026-08-09_EP1_scene2_job14.mp4	-
17	FROSYA	CLIP:2026-08-09_EP1_scene2_job14.mp4	-
18	YAGA	f14	-
19	PAPA	f15	-
20	YAGA	f17	-
21	FROSYA	f17	-
22	MAMA	f18	-
23	YAGA	f18	-
24	PAPA	f18	-
25	YAGA	f18	-
26	PAPA	f18	-
27	YAGA	f18	-
28	YAGA	f20	-
29	MAMA	f20	-
30	FROSYA	f20	-
31	VASYA	f20	-
32	MAMA	f20	-
33	YAGA	f20	-
34	YAGA	f21	-
35	FROSYA	f21	-
36	YAGA	f21	-
37	YAGA	f22	-
38	VASYA	f22	-
39	YAGA	f22	vzhukh
40	YAGA	f23_v2	-
41	FROSYA	f23_v2	-
42	YAGA	f23_v2	-
43	MAMA	f24	-
44	MAMA	f24	-
45	MAMA	f25	-
46	VASYA	f25	letters
47	MAMA	f25	-
48	FROSYA	f25	-
49	MAMA	f25	-
50	VASYA	f26	-
51	FROSYA	f26	-
52	FROSYA	f27	sok
53	FROSYA	f28	-
54	VASYA	f28	-
55	FROSYA	f28	salat
56	VASYA	f28	-
57	FROSYA	f29	mak
58	FROSYA	f29	-
59	MAMA	f29	-
60	VASYA	f30	-
61	FROSYA	f30	-
62	VASYA	f30	mama
63	VASYA	f31	-
64	VASYA	f31	-
65	MAMA	f31	-
66	VASYA	f31	vzhukh
67	FROSYA	f32	mashina
68	FROSYA	f32	-
69	VASYA	f32	-
70	FROSYA	f32	-
71	VASYA	f32	-
72	FROSYA	f33	samokat
73	VASYA	f33	-
74	FROSYA	f33	-
75	VASYA	f34	-
76	FROSYA	f34	-
77	VASYA	f34	-
78	FROSYA	f34	-
79	VASYA	f35	kot
80	FROSYA	f35	-
81	VASYA	f35	-
82	FROSYA	f36	bak
83	VASYA	f36	-
84	FROSYA	f36	-
85	VASYA	f37	osa
86	FROSYA	f37	-
87	FROSYA	f38	-
88	VASYA	f39	-
89	VASYA	f39	-
90	FROSYA	f39	-
91	VASYA	f39	-
92	FROSYA	f39	-
93	FROSYA	f40	-
94	FROSYA	f40	-
95	VASYA	f40	-
96	FROSYA	f40	-
97	VASYA	f40	-
98	FROSYA	f40	motok
99	FROSYA	f40	-
100	VASYA	f41	osa
101	FROSYA	f41	-
102	MAMA	f41	-
103	FROSYA	f41	-
104	VASYA	f42	-
105	VASYA	f42	-
106	MAMA	f42	-
107	FROSYA	f42	-
108	MAMA	f42	-
109	YAGA	f43	-
110	PAPA	f43	-
111	YAGA	f43	-
112	YAGA	f43	-
113	FROSYA	f43	-
114	FROSYA	f44	mashina
